{
  "entities": {
    "Customer": {
      "$schema": "http://json-schema.org/draft-07/schema#",
      "title": "Customer",
      "type": "object",
      "description": "Represents a customer in the Reliance Finance Portal.",
      "properties": {
        "id": {
          "type": "string",
          "description": "Unique identifier for the customer."
        },
        "mobileNumber": {
          "type": "string",
          "description": "Customer's mobile number, used for login and contact."
        },
        "name": {
          "type": "string",
          "description": "Customer's full name."
        },
        "loanAmount": {
          "type": "number",
          "description": "The amount of loan the customer is applying for."
        },
        "gender": {
          "type": "string",
          "description": "Customer's gender."
        },
        "state": {
          "type": "string",
          "description": "Customer's state of residence."
        },
        "aadharCardImageUrl": {
          "type": "string",
          "description": "URL of the customer's Aadhar card image."
        },
        "panCardImageUrl": {
          "type": "string",
          "description": "URL of the customer's PAN card image."
        },
        "bankPassbookImageUrl": {
          "type": "string",
          "description": "URL of the customer's bank passbook image."
        },
        "personalPhotoUrl": {
          "type": "string",
          "description": "URL of the customer's personal photo."
        }
      },
      "required": [
        "id",
        "mobileNumber",
        "name",
        "loanAmount",
        "gender",
        "state",
        "aadharCardImageUrl",
        "panCardImageUrl",
        "bankPassbookImageUrl",
        "personalPhotoUrl"
      ]
    },
    "LoanApplication": {
      "$schema": "http://json-schema.org/draft-07/schema#",
      "title": "LoanApplication",
      "type": "object",
      "description": "Represents a loan application submitted by a customer.",
      "properties": {
        "id": {
          "type": "string",
          "description": "Unique identifier for the loan application."
        },
        "customerId": {
          "type": "string",
          "description": "Reference to Customer. (Relationship: Customer 1:N LoanApplication)"
        },
        "applicationDate": {
          "type": "string",
          "description": "Date when the loan application was submitted.",
          "format": "date-time"
        },
        "status": {
          "type": "string",
          "description": "Current status of the loan application (e.g., approved, pending, rejected)."
        },
        "pendingReason": {
          "type": "string",
          "description": "Reason for a pending loan application."
        },
        "approvalLetterUrl": {
          "type": "string",
          "description": "URL of the approval letter (PDF)."
        },
        "pendingReasonImageUrl": {
          "type": "string",
          "description": "URL of an image explaining why the loan is pending."
        },
        "pendingReasonImageFilename": {
          "type": "string",
          "description": "Filename of the pending reason image."
        },
        "paymentQrUrl": {
          "type": "string",
          "description": "URL of the payment QR code image."
        },
        "paymentQrFilename": {
          "type": "string",
          "description": "Filename of the payment QR code image."
        },
        "paymentNote": {
          "type": "string",
          "description": "A note associated with the payment QR code."
        }
      },
      "required": [
        "id",
        "customerId",
        "applicationDate",
        "status"
      ]
    },
    "AdminUser": {
      "$schema": "http://json-schema.org/draft-07/schema#",
      "title": "AdminUser",
      "type": "object",
      "description": "Represents an administrator user of the Reliance Finance Portal.",
      "properties": {
        "id": {
          "type": "string",
          "description": "Unique identifier for the admin user."
        },
        "username": {
          "type": "string",
          "description": "Admin user's username."
        }
      },
      "required": [
        "id",
        "username"
      ]
    },
    "Testimonial": {
      "$schema": "http://json-schema.org/draft-07/schema#",
      "title": "Testimonial",
      "type": "object",
      "description": "Represents a customer testimonial.",
      "properties": {
        "id": {
          "type": "string",
          "description": "Unique identifier for the testimonial."
        },
        "customerId": {
          "type": "string",
          "description": "Reference to Customer. (Relationship: Customer 1:N Testimonial)"
        },
        "text": {
          "type": "string",
          "description": "The text of the testimonial."
        },
        "rating": {
          "type": "number",
          "description": "The rating given in the testimonial."
        }
      },
      "required": [
        "id",
        "customerId",
        "text",
        "rating"
      ]
    }
  },
  "auth": {
    "providers": []
  }
}
