{
  "placeholderImages": [
    {
      "id": "hero-background",
      "description": "An abstract image of financial growth charts and graphs.",
      "imageUrl": "https://images.unsplash.com/photo-1599690925058-90e1a0b56154?crop=entropy&cs=tinysrgb&fit=max&fm=jpg&ixid=M3w3NDE5ODJ8MHwxfHNlYXJjaHw3fHxmaW5hbmNlJTIwYWJzdHJhY3R8ZW58MHx8fHwxNzY5MjczNDk1fDA&ixlib=rb-4.1.0&q=80&w=1080",
      "imageHint": "finance abstract"
    },
    {
      "id": "avatar-priya",
      "description": "Profile picture for Priya Sharma",
      "imageUrl": "https://images.unsplash.com/photo-1525134479668-1bee5c7c6845?crop=entropy&cs=tinysrgb&fit=max&fm=jpg&ixid=M3w3NDE5ODJ8MHwxfHNlYXJjaHw2fHx3b21hbiUyMHNtaWxpbmd8ZW58MHx8fHwxNzY5MTk3NzY1fDA&ixlib=rb-4.1.0&q=80&w=96",
      "imageHint": "woman smiling"
    },
    {
      "id": "avatar-rohan",
      "description": "Profile picture for Rohan Mehta",
      "imageUrl": "https://images.unsplash.com/photo-1594672830234-ba4cfe1202dc?crop=entropy&cs=tinysrgb&fit=max&fm=jpg&ixid=M3w3NDE5ODJ8MHwxfHNlYXJjaHw5fHxtYW4lMjBwb3J0cmFpdHxlbnwwfHx8fDE3NjkyMjQ4NjZ8MA&ixlib=rb-4.1.0&q=80&w=96",
      "imageHint": "man portrait"
    },
    {
      "id": "avatar-sunita",
      "description": "Profile picture for Sunita Desai",
      "imageUrl": "https://images.unsplash.com/photo-1592621385612-4d7129426394?crop=entropy&cs=tinysrgb&fit=max&fm=jpg&ixid=M3w3NDE5ODJ8MHwxfHNlYXJjaHwzfHx3b21hbiUyMHBvcnRyYWl0fGVufDB8fHx8MTc2OTIxNzA3MHww&ixlib=rb-4.1.0&q=80&w=96",
      "imageHint": "woman portrait"
    },
    {
      "id": "avatar-vikram",
      "description": "Profile picture for Vikram Singh",
      "imageUrl": "https://images.unsplash.com/photo-1629185752040-57f6fa9b4f53?crop=entropy&cs=tinysrgb&fit=max&fm=jpg&ixid=M3w3NDE5ODJ8MHwxfHNlYXJjaHwxMHx8bWFuJTIwc21pbGluZ3xlbnwwfHx8fDE3NjkxOTU4OTR8MA&ixlib=rb-4.1.0&q=80&w=96",
      "imageHint": "man smiling"
    }
  ]
}